{
  "main": {
    "id": "20aa50bc405be263",
    "type": "split",
    "children": [
      {
        "id": "17a98db9700a0c5f",
        "type": "tabs",
        "children": [
          {
            "id": "fa7305528ab26274",
            "type": "leaf",
            "state": {
              "type": "empty",
              "state": {}
            }
          },
          {
            "id": "a7cdb0a57232d80c",
            "type": "leaf",
            "state": {
              "type": "markdown",
              "state": {
                "file": "Dev_Log/Dev Log 2023-09-27.md",
                "mode": "source",
                "source": false
              }
            }
          }
        ],
        "currentTab": 1
      }
    ],
    "direction": "vertical"
  },
  "left": {
    "id": "d56cc759f3f73e50",
    "type": "split",
    "children": [
      {
        "id": "3586b7569ff7fb96",
        "type": "tabs",
        "children": [
          {
            "id": "2d00c9645c7a2f9d",
            "type": "leaf",
            "state": {
              "type": "file-explorer",
              "state": {
                "sortOrder": "alphabetical"
              }
            }
          },
          {
            "id": "27db0a5b87014538",
            "type": "leaf",
            "state": {
              "type": "search",
              "state": {
                "query": "",
                "matchingCase": false,
                "explainSearch": false,
                "collapseAll": false,
                "extraContext": false,
                "sortOrder": "alphabetical"
              }
            }
          },
          {
            "id": "fda9d048c974c0fc",
            "type": "leaf",
            "state": {
              "type": "bookmarks",
              "state": {}
            }
          }
        ]
      }
    ],
    "direction": "horizontal",
    "width": 300
  },
  "right": {
    "id": "7b344bfd88304ec2",
    "type": "split",
    "children": [
      {
        "id": "3ca096b18b45085a",
        "type": "tabs",
        "children": [
          {
            "id": "a6f26b00c30a1a5a",
            "type": "leaf",
            "state": {
              "type": "backlink",
              "state": {
                "file": "Dev_Log/Dev Log 2023-09-27.md",
                "collapseAll": false,
                "extraContext": false,
                "sortOrder": "alphabetical",
                "showSearch": false,
                "searchQuery": "",
                "backlinkCollapsed": false,
                "unlinkedCollapsed": true
              }
            }
          },
          {
            "id": "5b211e1e5055b7e4",
            "type": "leaf",
            "state": {
              "type": "outgoing-link",
              "state": {
                "file": "Dev_Log/Dev Log 2023-09-27.md",
                "linksCollapsed": false,
                "unlinkedCollapsed": true
              }
            }
          },
          {
            "id": "bc2f8b1af16883a3",
            "type": "leaf",
            "state": {
              "type": "tag",
              "state": {
                "sortOrder": "frequency",
                "useHierarchy": true
              }
            }
          },
          {
            "id": "5d3a86f8007979c2",
            "type": "leaf",
            "state": {
              "type": "outline",
              "state": {
                "file": "Dev_Log/Dev Log 2023-09-27.md"
              }
            }
          },
          {
            "id": "1adc5ced0e3b9966",
            "type": "leaf",
            "state": {
              "type": "all-properties",
              "state": {
                "sortOrder": "frequency"
              }
            }
          }
        ]
      }
    ],
    "direction": "horizontal",
    "width": 300,
    "collapsed": true
  },
  "left-ribbon": {
    "hiddenItems": {
      "switcher:Open quick switcher": false,
      "graph:Open graph view": false,
      "canvas:Create new canvas": false,
      "daily-notes:Open today's daily note": false,
      "templates:Insert template": false,
      "command-palette:Open command palette": false,
      "audio-recorder:Start/stop recording": false,
      "markdown-importer:Open format converter": false,
      "publish:Publish changes...": false,
      "random-note:Open random note": false,
      "workspaces:Manage workspace layouts": false
    }
  },
  "active": "a7cdb0a57232d80c",
  "lastOpenFiles": [
    "package.json",
    "package-lock.json",
    "NovaSystem/versions.json",
    "NovaSystem/version-bump.mjs",
    "NovaSystem/tsconfig.json",
    "NovaSystem/styles.css",
    "NovaSystem/package.json",
    "NovaSystem/manifest.json",
    "NovaSystem/main.ts",
    "NovaSystem/esbuild.config.mjs",
    "NovaSystem/README.md",
    "NovaSystem",
    "Templates/Dev_Log_Template.md",
    "Dev_Log/Dev Log 2023-09-27.md"
  ]
}